,unit,cycle,op_setting_1,op_setting_2,op_setting_3,sensor_1,sensor_2,sensor_3,sensor_4,sensor_5,sensor_6,sensor_7,sensor_8,sensor_9,sensor_10,sensor_11,sensor_12,sensor_13,sensor_14,sensor_15,sensor_16,sensor_17,sensor_18,sensor_19,sensor_20,sensor_21
count,20631.0,20631.0,20631.0,20631.0,20631.0,20631.0,20631.0,20631.0,20631.0,20631.0,20631.0,20631.0,20631.0,20631.0,20631.0,20631.0,20631.0,20631.0,20631.0,20631.0,20631.0,20631.0,20631.0,20631.0,20631.0,20631.0
mean,51.506567786340945,108.80786195530997,-8.87014686636615e-06,2.3508312733265476e-06,100.0,518.67,642.6809335466046,1590.5231186079204,1408.9337816877514,14.620000000000001,21.60980320876352,553.367711211284,2388.0966516407348,9065.242940720276,1.3,47.54116814502448,521.4134700208425,2388.0961523920314,8143.752722117202,8.44214558189133,0.030000000000000013,393.2106538703892,2388.0,100.0,38.816270660656286,23.289705360864716
std,29.227632908799837,68.88099017721818,0.0021873134490151044,0.000293062124566125,0.0,6.537151601226413e-11,0.5000532700606122,6.131149519690787,9.000604780543735,3.3947001929194767e-12,0.0013889849127070525,0.885092257663408,0.0709854788909189,22.08287952506627,4.660829215684185e-13,0.2670873986396874,0.7375533922097044,0.07191891569858286,19.076175975953127,0.03750503795196683,1.5564316238059236e-14,1.5487630246142414,0.0,0.0,0.18074642787366235,0.10825087474491232
min,1.0,1.0,-0.0087,-0.0006,100.0,518.67,641.21,1571.04,1382.25,14.62,21.6,549.85,2387.9,9021.73,1.3,46.85,518.69,2387.88,8099.94,8.3249,0.03,388.0,2388.0,100.0,38.14,22.8942
25%,26.0,52.0,-0.0015,-0.0002,100.0,518.67,642.325,1586.26,1402.36,14.62,21.61,552.81,2388.05,9053.1,1.3,47.35,520.96,2388.04,8133.245,8.4149,0.03,392.0,2388.0,100.0,38.7,23.2218
50%,52.0,104.0,0.0,0.0,100.0,518.67,642.64,1590.1,1408.04,14.62,21.61,553.44,2388.09,9060.66,1.3,47.51,521.48,2388.09,8140.54,8.4389,0.03,393.0,2388.0,100.0,38.83,23.2979
75%,77.0,156.0,0.0015,0.0003,100.0,518.67,643.0,1594.38,1414.5549999999998,14.62,21.61,554.01,2388.14,9069.42,1.3,47.7,521.95,2388.14,8148.31,8.4656,0.03,394.0,2388.0,100.0,38.95,23.3668
max,100.0,362.0,0.0087,0.0006,100.0,518.67,644.53,1616.91,1441.49,14.62,21.61,556.06,2388.56,9244.59,1.3,48.53,523.38,2388.56,8293.72,8.5848,0.03,400.0,2388.0,100.0,39.43,23.6184
