MSE_mean,MSE_std,R2_mean,R2_std
432.4397435226353,2.2338741610854957,0.908808644489211,0.001671457209470117
