MSE,R2
300.47780909392355,0.9343988594498057
